index,ptr,file_offset,old_length,tokenized_original,plain_japanese,english_markup,status,notes
0,0x0040,0x006A1040,32,ﾌｧｳﾝﾃﾝ･ﾍｯ<EF>の町の入口だ｡[BR]入るか?[END],"ﾌｧｳﾝﾃﾝ･ﾍｯの町の入口だ｡
入るか?",,todo,
1,0x0060,0x006A1060,69,暗い寺院の入口に続く木の床には[BR]恐ろしげな絵柄が彫られている｡[BR]入るか?[END],"暗い寺院の入口に続く木の床には
恐ろしげな絵柄が彫られている｡
入るか?",,todo,
2,0x00A5,0x006A10A5,50,小さい石壁に緑色の苔が生えている｡[BR]井戸水を飲むか?[END],"小さい石壁に緑色の苔が生えている｡
井戸水を飲むか?",,todo,
3,0x00D7,0x006A10D7,34,君の皮膚が魔法の力で頑丈になった![END],君の皮膚が魔法の力で頑丈になった!,,todo,
4,0x00F9,0x006A10F9,33,君の防御ｽｷﾙが魔法の力で高まった![END],君の防御ｽｷﾙが魔法の力で高まった!,,todo,
5,0x011A,0x006A111A,32,君の輝きが魔法の力で高められた![END],君の輝きが魔法の力で高められた!,,todo,
6,0x013A,0x006A113A,32,君の知性が魔法の力で広められた![END],君の知性が魔法の力で広められた!,,todo,
7,0x015A,0x006A115A,117,｢貴殿らに我が丹精の品を[BR] おすそ分けして進ぜよう｡[BR] これこそ貴殿らの戦闘力を高めてくれる[BR] 魔法の練金薬でござる｣[BR]<06><02>▼<06><07>[END],"｢貴殿らに我が丹精の品を
 おすそ分けして進ぜよう｡
 これこそ貴殿らの戦闘力を高めてくれる
 魔法の練金薬でござる｣
▼",,todo,
8,0x01CF,0x006A11CF,97,君たちは偶然ｵｰｸの居留地を見つけた｡[BR]乾いた獣皮に地図と解読不可能な計画が書かれている｡[BR]破壊するか?[END],"君たちは偶然ｵｰｸの居留地を見つけた｡
乾いた獣皮に地図と解読不可能な計画が書かれている｡
破壊するか?",,todo,
9,0x0230,0x006A1230,67,君たちが叩き割ると､[BR]荷馬車は破片とこっぱを飛び散らせて潰れた｡[BR]<02>▼<07>[END],"君たちが叩き割ると､
荷馬車は破片とこっぱを飛び散らせて潰れた｡
▼",,todo,
10,0x0273,0x006A1273,149,ﾁに黄金の天秤が置いてある｡[BR]天秤のかたわらに置かれた巻物に[BR]こう書かれている｡[BR]｢この天秤のｶｯﾉ5000蟆ﾙ<EF>置くと､[BR] 熟練した商人になれます｣[BR]蟆ﾙ<EF>を置くか?[END],"ﾁに黄金の天秤が置いてある｡
天秤のかたわらに置かれた巻物に
こう書かれている｡
｢この天秤のｶｯﾉ5000蟆ﾙ置くと､
 熟練した商人になれます｣
蟆ﾙを置くか?",,todo,
11,0x0308,0x006A1308,24,きらりと輝く魔法の天秤｡[END],きらりと輝く魔法の天秤｡,,todo,
12,0x0320,0x006A1320,116,｢私はﾐｽﾃｨｯｸ･ｱｲの弟子[BR] ｿﾌｨﾅです｡[BR] 坙恤ｨを見通す目福ﾌ力を借り､[BR] 10蟆ﾙ<EF>であなた方の運勢を[BR] 占ってあげましょう｣[BR]払うか?[END],"｢私はﾐｽﾃｨｯｸ･ｱｲの弟子
 ｿﾌｨﾅです｡
 坙恤ｨを見通す目福ﾌ力を借り､
 10蟆ﾙであなた方の運勢を
 占ってあげましょう｣
払うか?",,todo,
13,0x0394,0x006A1394,127,｢伝説上最強といわれる騎士ですら､[BR] <EF>ﾗ袿･ﾛｰ<EF>を倒すことが[BR] できませんでした｡[BR] かの獣を倒した勇者には[BR] 大いなる栄誉が授けられます｣[END],"｢伝説上最強といわれる騎士ですら､
 ﾗ袿･ﾛｰを倒すことが
 できませんでした｡
 かの獣を倒した勇者には
 大いなる栄誉が授けられます｣",,todo,
14,0x0413,0x006A1413,179,｢呪われた冷たい洞窟のｯｸ･ﾅｲﾄが[BR] あなた方にとって最も手ごわい敵と[BR] なるかもしれません｡[BR] 彼は魔女に仕える軍隊を指揮している[BR] のですが､暇な時は楽しみのために[BR] 戦士狩りをしています｣[END],"｢呪われた冷たい洞窟のｯｸ･ﾅｲﾄが
 あなた方にとって最も手ごわい敵と
 なるかもしれません｡
 彼は魔女に仕える軍隊を指揮している
 のですが､暇な時は楽しみのために
 戦士狩りをしています｣",,todo,
15,0x04C6,0x006A14C6,127,｢あなたの狙いは常に正確でしょうが､[BR] あなたは魔法の力の訓練を[BR] 忘れてはなりません｡[BR] 接近戦では弓より呪文のほうが[BR] 強力なのです｣[END],"｢あなたの狙いは常に正確でしょうが､
 あなたは魔法の力の訓練を
 忘れてはなりません｡
 接近戦では弓より呪文のほうが
 強力なのです｣",,todo,
16,0x0545,0x006A1545,58,｢ｴｱを通るときは気をつけて｡[BR] 木があなたを殺そうとします｣[END],"｢ｴｱを通るときは気をつけて｡
 木があなたを殺そうとします｣",,todo,
17,0x057F,0x006A157F,82,｢ﾐｭｰﾀﾝﾄ山の愚か者たちに[BR] 用心しなさい｡[BR] 彼らはとりわけ魔法使いを[BR] 軽蔑しています｣[END],"｢ﾐｭｰﾀﾝﾄ山の愚か者たちに
 用心しなさい｡
 彼らはとりわけ魔法使いを
 軽蔑しています｣",,todo,
18,0x05D1,0x006A15D1,140,｢鍵開けのｽｷﾙは訓練すれば[BR] 上達します｡[BR] この世界には鍵のかかった財宝が[BR] あちこちに散らばっていますから､[BR] あなた方の技能を磨くには好都合です｣[END],"｢鍵開けのｽｷﾙは訓練すれば
 上達します｡
 この世界には鍵のかかった財宝が
 あちこちに散らばっていますから､
 あなた方の技能を磨くには好都合です｣",,todo,
19,0x065D,0x006A165D,61,｢ならずものの忍者は[BR] ｽﾜﾝﾀｳﾝ一族の怒りに[BR] 直面するはずです｣[END],"｢ならずものの忍者は
 ｽﾜﾝﾀｳﾝ一族の怒りに
 直面するはずです｣",,todo,
20,0x069A,0x006A169A,85,｢屈強なｱﾝが[BR] 聚ｲｳｲﾝ<EF>城の入口を[BR] 守っています｡[BR] 近々彼らと戦うことになりましょう｣[END],"｢屈強なｱﾝが
 聚ｲｳｲﾝ城の入口を
 守っています｡
 近々彼らと戦うことになりましょう｣",,todo,
21,0x06EF,0x006A16EF,66,｢恐怖の要塞にいるﾐｲﾗは[BR] <EF>ﾙｲ<EF>を倒すのを[BR] 最大の楽しみとしています｣[END],"｢恐怖の要塞にいるﾐｲﾗは
 ﾙｲを倒すのを
 最大の楽しみとしています｣",,todo,
22,0x0731,0x006A1731,69,｢ｽﾚ豌ｶﾙﾄの城塞では､[BR] あなたがたと同ﾚのﾓﾝｽﾀｰが[BR] 財宝を守っています｣[END],"｢ｽﾚ豌ｶﾙﾄの城塞では､
 あなたがたと同ﾚのﾓﾝｽﾀｰが
 財宝を守っています｣",,todo,
23,0x0776,0x006A1776,113,荷馬車の床に､骨と汚れた石器と､[BR]寝台がわりのﾁが散乱している｡片隅につぶれた褪ﾘﾝの鎧が一式ある｡[BR]荷馬車を燃やすか?[END],"荷馬車の床に､骨と汚れた石器と､
寝台がわりのﾁが散乱している｡片隅につぶれた褪ﾘﾝの鎧が一式ある｡
荷馬車を燃やすか?",,todo,
