id,jp,en_gemini,en_ollama,qa_status
12,extracted_00012,[TRANSLATION ERROR: Part.from_text() takes 1 positional argument but 2 were given],[OLLAMA ERROR: 404],REVIEW
13,extracted_00013,[TRANSLATION ERROR: Part.from_text() takes 1 positional argument but 2 were given],[OLLAMA ERROR: 404],REVIEW
900,extracted_00900,[TRANSLATION ERROR: Part.from_text() takes 1 positional argument but 2 were given],[OLLAMA ERROR: 404],REVIEW
1767,extracted_01767,[TRANSLATION ERROR: Part.from_text() takes 1 positional argument but 2 were given],[OLLAMA ERROR: 404],REVIEW
1957,extracted_01957,[TRANSLATION ERROR: Part.from_text() takes 1 positional argument but 2 were given],[OLLAMA ERROR: 404],REVIEW
1958,extracted_01958,[TRANSLATION ERROR: Part.from_text() takes 1 positional argument but 2 were given],[OLLAMA ERROR: 404],REVIEW
1963,extracted_01963,[TRANSLATION ERROR: Part.from_text() takes 1 positional argument but 2 were given],[OLLAMA ERROR: 404],REVIEW
1964,extracted_01964,[TRANSLATION ERROR: Part.from_text() takes 1 positional argument but 2 were given],[OLLAMA ERROR: 404],REVIEW
1965,extracted_01965,[TRANSLATION ERROR: Part.from_text() takes 1 positional argument but 2 were given],[OLLAMA ERROR: 404],REVIEW
1983,extracted_01983,[TRANSLATION ERROR: Part.from_text() takes 1 positional argument but 2 were given],[OLLAMA ERROR: 404],REVIEW
2027,extracted_02027,[TRANSLATION ERROR: Part.from_text() takes 1 positional argument but 2 were given],[OLLAMA ERROR: 404],REVIEW
2069,extracted_02069,[TRANSLATION ERROR: Part.from_text() takes 1 positional argument but 2 were given],[OLLAMA ERROR: 404],REVIEW
2075,extracted_02075,[TRANSLATION ERROR: Part.from_text() takes 1 positional argument but 2 were given],[OLLAMA ERROR: 404],REVIEW
2085,extracted_02085,[TRANSLATION ERROR: Part.from_text() takes 1 positional argument but 2 were given],[OLLAMA ERROR: 404],REVIEW
2089,extracted_02089,[TRANSLATION ERROR: Part.from_text() takes 1 positional argument but 2 were given],[OLLAMA ERROR: 404],REVIEW
2141,extracted_02141,[TRANSLATION ERROR: Part.from_text() takes 1 positional argument but 2 were given],[OLLAMA ERROR: 404],REVIEW
2142,extracted_02142,[TRANSLATION ERROR: Part.from_text() takes 1 positional argument but 2 were given],[OLLAMA ERROR: 404],REVIEW
2143,extracted_02143,[TRANSLATION ERROR: Part.from_text() takes 1 positional argument but 2 were given],[OLLAMA ERROR: 404],REVIEW
2145,extracted_02145,[TRANSLATION ERROR: Part.from_text() takes 1 positional argument but 2 were given],[OLLAMA ERROR: 404],REVIEW
2146,extracted_02146,[TRANSLATION ERROR: Part.from_text() takes 1 positional argument but 2 were given],[OLLAMA ERROR: 404],REVIEW
2147,extracted_02147,[TRANSLATION ERROR: Part.from_text() takes 1 positional argument but 2 were given],[OLLAMA ERROR: 404],REVIEW
2157,extracted_02157,[TRANSLATION ERROR: Part.from_text() takes 1 positional argument but 2 were given],[OLLAMA ERROR: 404],REVIEW
2158,extracted_02158,[TRANSLATION ERROR: Part.from_text() takes 1 positional argument but 2 were given],[OLLAMA ERROR: 404],REVIEW
2159,extracted_02159,[TRANSLATION ERROR: Part.from_text() takes 1 positional argument but 2 were given],[OLLAMA ERROR: 404],REVIEW
2160,extracted_02160,[TRANSLATION ERROR: Part.from_text() takes 1 positional argument but 2 were given],[OLLAMA ERROR: 404],REVIEW
2161,extracted_02161,[TRANSLATION ERROR: Part.from_text() takes 1 positional argument but 2 were given],[OLLAMA ERROR: 404],REVIEW
2163,extracted_02163,[TRANSLATION ERROR: Part.from_text() takes 1 positional argument but 2 were given],[OLLAMA ERROR: 404],REVIEW
2164,extracted_02164,[TRANSLATION ERROR: Part.from_text() takes 1 positional argument but 2 were given],[OLLAMA ERROR: 404],REVIEW
2165,extracted_02165,[TRANSLATION ERROR: Part.from_text() takes 1 positional argument but 2 were given],[OLLAMA ERROR: 404],REVIEW
2166,extracted_02166,[TRANSLATION ERROR: Part.from_text() takes 1 positional argument but 2 were given],[OLLAMA ERROR: 404],REVIEW
2167,extracted_02167,[TRANSLATION ERROR: Part.from_text() takes 1 positional argument but 2 were given],[OLLAMA ERROR: 404],REVIEW
2168,extracted_02168,[TRANSLATION ERROR: Part.from_text() takes 1 positional argument but 2 were given],[OLLAMA ERROR: 404],REVIEW
2169,extracted_02169,[TRANSLATION ERROR: Part.from_text() takes 1 positional argument but 2 were given],[OLLAMA ERROR: 404],REVIEW
2171,extracted_02171,[TRANSLATION ERROR: Part.from_text() takes 1 positional argument but 2 were given],[OLLAMA ERROR: 404],REVIEW
2173,extracted_02173,[TRANSLATION ERROR: Part.from_text() takes 1 positional argument but 2 were given],[OLLAMA ERROR: 404],REVIEW
2174,extracted_02174,[TRANSLATION ERROR: Part.from_text() takes 1 positional argument but 2 were given],[OLLAMA ERROR: 404],REVIEW
2175,extracted_02175,[TRANSLATION ERROR: Part.from_text() takes 1 positional argument but 2 were given],[OLLAMA ERROR: 404],REVIEW
2176,extracted_02176,[TRANSLATION ERROR: Part.from_text() takes 1 positional argument but 2 were given],[OLLAMA ERROR: 404],REVIEW
2177,extracted_02177,[TRANSLATION ERROR: Part.from_text() takes 1 positional argument but 2 were given],[OLLAMA ERROR: 404],REVIEW
2178,extracted_02178,[TRANSLATION ERROR: Part.from_text() takes 1 positional argument but 2 were given],[OLLAMA ERROR: 404],REVIEW
2179,extracted_02179,[TRANSLATION ERROR: Part.from_text() takes 1 positional argument but 2 were given],[OLLAMA ERROR: 404],REVIEW
2180,extracted_02180,[TRANSLATION ERROR: Part.from_text() takes 1 positional argument but 2 were given],[OLLAMA ERROR: 404],REVIEW
2181,extracted_02181,[TRANSLATION ERROR: Part.from_text() takes 1 positional argument but 2 were given],[OLLAMA ERROR: 404],REVIEW
2182,extracted_02182,[TRANSLATION ERROR: Part.from_text() takes 1 positional argument but 2 were given],[OLLAMA ERROR: 404],REVIEW
2184,extracted_02184,[TRANSLATION ERROR: Part.from_text() takes 1 positional argument but 2 were given],[OLLAMA ERROR: 404],REVIEW
2187,extracted_02187,[TRANSLATION ERROR: Part.from_text() takes 1 positional argument but 2 were given],[OLLAMA ERROR: 404],REVIEW
2188,extracted_02188,[TRANSLATION ERROR: Part.from_text() takes 1 positional argument but 2 were given],[OLLAMA ERROR: 404],REVIEW
2189,extracted_02189,[TRANSLATION ERROR: Part.from_text() takes 1 positional argument but 2 were given],[OLLAMA ERROR: 404],REVIEW
2193,extracted_02193,[TRANSLATION ERROR: Part.from_text() takes 1 positional argument but 2 were given],[OLLAMA ERROR: 404],REVIEW
2194,extracted_02194,[TRANSLATION ERROR: Part.from_text() takes 1 positional argument but 2 were given],[OLLAMA ERROR: 404],REVIEW
2195,extracted_02195,[TRANSLATION ERROR: Part.from_text() takes 1 positional argument but 2 were given],[OLLAMA ERROR: 404],REVIEW
2196,extracted_02196,[TRANSLATION ERROR: Part.from_text() takes 1 positional argument but 2 were given],[OLLAMA ERROR: 404],REVIEW
2198,extracted_02198,[TRANSLATION ERROR: Part.from_text() takes 1 positional argument but 2 were given],[OLLAMA ERROR: 404],REVIEW
2200,extracted_02200,[TRANSLATION ERROR: Part.from_text() takes 1 positional argument but 2 were given],[OLLAMA ERROR: 404],REVIEW
2202,extracted_02202,[TRANSLATION ERROR: Part.from_text() takes 1 positional argument but 2 were given],[OLLAMA ERROR: 404],REVIEW
2344,extracted_02344,[TRANSLATION ERROR: Part.from_text() takes 1 positional argument but 2 were given],[OLLAMA ERROR: 404],REVIEW
2345,extracted_02345,[TRANSLATION ERROR: Part.from_text() takes 1 positional argument but 2 were given],[OLLAMA ERROR: 404],REVIEW
2358,extracted_02358,[TRANSLATION ERROR: Part.from_text() takes 1 positional argument but 2 were given],[OLLAMA ERROR: 404],REVIEW
2493,extracted_02493,[TRANSLATION ERROR: Part.from_text() takes 1 positional argument but 2 were given],[OLLAMA ERROR: 404],REVIEW
2494,extracted_02494,[TRANSLATION ERROR: Part.from_text() takes 1 positional argument but 2 were given],[OLLAMA ERROR: 404],REVIEW
2502,extracted_02502,[TRANSLATION ERROR: Part.from_text() takes 1 positional argument but 2 were given],[OLLAMA ERROR: 404],REVIEW
2504,extracted_02504,[TRANSLATION ERROR: Part.from_text() takes 1 positional argument but 2 were given],[OLLAMA ERROR: 404],REVIEW
2638,extracted_02638,[TRANSLATION ERROR: Part.from_text() takes 1 positional argument but 2 were given],[OLLAMA ERROR: 404],REVIEW
2639,extracted_02639,[TRANSLATION ERROR: Part.from_text() takes 1 positional argument but 2 were given],[OLLAMA ERROR: 404],REVIEW
2640,extracted_02640,[TRANSLATION ERROR: Part.from_text() takes 1 positional argument but 2 were given],[OLLAMA ERROR: 404],REVIEW
2642,extracted_02642,[TRANSLATION ERROR: Part.from_text() takes 1 positional argument but 2 were given],[OLLAMA ERROR: 404],REVIEW
2643,extracted_02643,[TRANSLATION ERROR: Part.from_text() takes 1 positional argument but 2 were given],[OLLAMA ERROR: 404],REVIEW
2647,extracted_02647,[TRANSLATION ERROR: Part.from_text() takes 1 positional argument but 2 were given],[OLLAMA ERROR: 404],REVIEW
2649,extracted_02649,[TRANSLATION ERROR: Part.from_text() takes 1 positional argument but 2 were given],[OLLAMA ERROR: 404],REVIEW
2650,extracted_02650,[TRANSLATION ERROR: Part.from_text() takes 1 positional argument but 2 were given],[OLLAMA ERROR: 404],REVIEW
2651,extracted_02651,[TRANSLATION ERROR: Part.from_text() takes 1 positional argument but 2 were given],[OLLAMA ERROR: 404],REVIEW
2676,extracted_02676,[TRANSLATION ERROR: Part.from_text() takes 1 positional argument but 2 were given],[OLLAMA ERROR: 404],REVIEW
2677,extracted_02677,[TRANSLATION ERROR: Part.from_text() takes 1 positional argument but 2 were given],[OLLAMA ERROR: 404],REVIEW
2678,extracted_02678,[TRANSLATION ERROR: Part.from_text() takes 1 positional argument but 2 were given],[OLLAMA ERROR: 404],REVIEW
2680,extracted_02680,[TRANSLATION ERROR: Part.from_text() takes 1 positional argument but 2 were given],[OLLAMA ERROR: 404],REVIEW
2712,extracted_02712,[TRANSLATION ERROR: Part.from_text() takes 1 positional argument but 2 were given],[OLLAMA ERROR: 404],REVIEW
2713,extracted_02713,[TRANSLATION ERROR: Part.from_text() takes 1 positional argument but 2 were given],[OLLAMA ERROR: 404],REVIEW
2714,extracted_02714,[TRANSLATION ERROR: Part.from_text() takes 1 positional argument but 2 were given],[OLLAMA ERROR: 404],REVIEW
2715,extracted_02715,[TRANSLATION ERROR: Part.from_text() takes 1 positional argument but 2 were given],[OLLAMA ERROR: 404],REVIEW
2719,extracted_02719,[TRANSLATION ERROR: Part.from_text() takes 1 positional argument but 2 were given],[OLLAMA ERROR: 404],REVIEW
2720,extracted_02720,[TRANSLATION ERROR: Part.from_text() takes 1 positional argument but 2 were given],[OLLAMA ERROR: 404],REVIEW
2721,extracted_02721,[TRANSLATION ERROR: Part.from_text() takes 1 positional argument but 2 were given],[OLLAMA ERROR: 404],REVIEW
2722,extracted_02722,[TRANSLATION ERROR: Part.from_text() takes 1 positional argument but 2 were given],[OLLAMA ERROR: 404],REVIEW
2727,extracted_02727,[TRANSLATION ERROR: Part.from_text() takes 1 positional argument but 2 were given],[OLLAMA ERROR: 404],REVIEW
2731,extracted_02731,[TRANSLATION ERROR: Part.from_text() takes 1 positional argument but 2 were given],[OLLAMA ERROR: 404],REVIEW
2736,extracted_02736,[TRANSLATION ERROR: Part.from_text() takes 1 positional argument but 2 were given],[OLLAMA ERROR: 404],REVIEW
2770,extracted_02770,[TRANSLATION ERROR: Part.from_text() takes 1 positional argument but 2 were given],[OLLAMA ERROR: 404],REVIEW
2777,extracted_02777,[TRANSLATION ERROR: Part.from_text() takes 1 positional argument but 2 were given],[OLLAMA ERROR: 404],REVIEW
2783,extracted_02783,[TRANSLATION ERROR: Part.from_text() takes 1 positional argument but 2 were given],[OLLAMA ERROR: 404],REVIEW
2784,extracted_02784,[TRANSLATION ERROR: Part.from_text() takes 1 positional argument but 2 were given],[OLLAMA ERROR: 404],REVIEW
2785,extracted_02785,[TRANSLATION ERROR: Part.from_text() takes 1 positional argument but 2 were given],[OLLAMA ERROR: 404],REVIEW
2786,extracted_02786,[TRANSLATION ERROR: Part.from_text() takes 1 positional argument but 2 were given],[OLLAMA ERROR: 404],REVIEW
2787,extracted_02787,[TRANSLATION ERROR: Part.from_text() takes 1 positional argument but 2 were given],[OLLAMA ERROR: 404],REVIEW
2790,extracted_02790,[TRANSLATION ERROR: Part.from_text() takes 1 positional argument but 2 were given],[OLLAMA ERROR: 404],REVIEW
2791,extracted_02791,[TRANSLATION ERROR: Part.from_text() takes 1 positional argument but 2 were given],[OLLAMA ERROR: 404],REVIEW
2792,extracted_02792,[TRANSLATION ERROR: Part.from_text() takes 1 positional argument but 2 were given],[OLLAMA ERROR: 404],REVIEW
2794,extracted_02794,[TRANSLATION ERROR: Part.from_text() takes 1 positional argument but 2 were given],[OLLAMA ERROR: 404],REVIEW
2806,extracted_02806,[TRANSLATION ERROR: Part.from_text() takes 1 positional argument but 2 were given],[OLLAMA ERROR: 404],REVIEW
2808,extracted_02808,[TRANSLATION ERROR: Part.from_text() takes 1 positional argument but 2 were given],[OLLAMA ERROR: 404],REVIEW
2811,extracted_02811,[TRANSLATION ERROR: Part.from_text() takes 1 positional argument but 2 were given],[OLLAMA ERROR: 404],REVIEW
2854,extracted_02854,[TRANSLATION ERROR: Part.from_text() takes 1 positional argument but 2 were given],[OLLAMA ERROR: 404],REVIEW
2870,extracted_02870,[TRANSLATION ERROR: Part.from_text() takes 1 positional argument but 2 were given],[OLLAMA ERROR: 404],REVIEW
2871,extracted_02871,[TRANSLATION ERROR: Part.from_text() takes 1 positional argument but 2 were given],[OLLAMA ERROR: 404],REVIEW
2876,extracted_02876,[TRANSLATION ERROR: Part.from_text() takes 1 positional argument but 2 were given],[OLLAMA ERROR: 404],REVIEW
2878,extracted_02878,[TRANSLATION ERROR: Part.from_text() takes 1 positional argument but 2 were given],[OLLAMA ERROR: 404],REVIEW
2880,extracted_02880,[TRANSLATION ERROR: Part.from_text() takes 1 positional argument but 2 were given],[OLLAMA ERROR: 404],REVIEW
2882,extracted_02882,[TRANSLATION ERROR: Part.from_text() takes 1 positional argument but 2 were given],[OLLAMA ERROR: 404],REVIEW
2883,extracted_02883,[TRANSLATION ERROR: Part.from_text() takes 1 positional argument but 2 were given],[OLLAMA ERROR: 404],REVIEW
2894,extracted_02894,[TRANSLATION ERROR: Part.from_text() takes 1 positional argument but 2 were given],[OLLAMA ERROR: 404],REVIEW
2906,extracted_02906,[TRANSLATION ERROR: Part.from_text() takes 1 positional argument but 2 were given],[OLLAMA ERROR: 404],REVIEW
2908,extracted_02908,[TRANSLATION ERROR: Part.from_text() takes 1 positional argument but 2 were given],[OLLAMA ERROR: 404],REVIEW
2916,extracted_02916,[TRANSLATION ERROR: Part.from_text() takes 1 positional argument but 2 were given],[OLLAMA ERROR: 404],REVIEW
2917,extracted_02917,[TRANSLATION ERROR: Part.from_text() takes 1 positional argument but 2 were given],[OLLAMA ERROR: 404],REVIEW
2950,extracted_02950,[TRANSLATION ERROR: Part.from_text() takes 1 positional argument but 2 were given],[OLLAMA ERROR: 404],REVIEW
2952,extracted_02952,[TRANSLATION ERROR: Part.from_text() takes 1 positional argument but 2 were given],[OLLAMA ERROR: 404],REVIEW
2979,extracted_02979,[TRANSLATION ERROR: Part.from_text() takes 1 positional argument but 2 were given],[OLLAMA ERROR: 404],REVIEW
2980,extracted_02980,[TRANSLATION ERROR: Part.from_text() takes 1 positional argument but 2 were given],[OLLAMA ERROR: 404],REVIEW
2981,extracted_02981,[TRANSLATION ERROR: Part.from_text() takes 1 positional argument but 2 were given],[OLLAMA ERROR: 404],REVIEW
2982,extracted_02982,[TRANSLATION ERROR: Part.from_text() takes 1 positional argument but 2 were given],[OLLAMA ERROR: 404],REVIEW
2983,extracted_02983,[TRANSLATION ERROR: Part.from_text() takes 1 positional argument but 2 were given],[OLLAMA ERROR: 404],REVIEW
2984,extracted_02984,[TRANSLATION ERROR: Part.from_text() takes 1 positional argument but 2 were given],[OLLAMA ERROR: 404],REVIEW
2985,extracted_02985,[TRANSLATION ERROR: Part.from_text() takes 1 positional argument but 2 were given],[OLLAMA ERROR: 404],REVIEW
2987,extracted_02987,[TRANSLATION ERROR: Part.from_text() takes 1 positional argument but 2 were given],[OLLAMA ERROR: 404],REVIEW
2989,extracted_02989,[TRANSLATION ERROR: Part.from_text() takes 1 positional argument but 2 were given],[OLLAMA ERROR: 404],REVIEW
2990,extracted_02990,[TRANSLATION ERROR: Part.from_text() takes 1 positional argument but 2 were given],[OLLAMA ERROR: 404],REVIEW
2991,extracted_02991,[TRANSLATION ERROR: Part.from_text() takes 1 positional argument but 2 were given],[OLLAMA ERROR: 404],REVIEW
2992,extracted_02992,[TRANSLATION ERROR: Part.from_text() takes 1 positional argument but 2 were given],[OLLAMA ERROR: 404],REVIEW
2993,extracted_02993,[TRANSLATION ERROR: Part.from_text() takes 1 positional argument but 2 were given],[OLLAMA ERROR: 404],REVIEW
2996,extracted_02996,[TRANSLATION ERROR: Part.from_text() takes 1 positional argument but 2 were given],[OLLAMA ERROR: 404],REVIEW
2997,extracted_02997,[TRANSLATION ERROR: Part.from_text() takes 1 positional argument but 2 were given],[OLLAMA ERROR: 404],REVIEW
2998,extracted_02998,[TRANSLATION ERROR: Part.from_text() takes 1 positional argument but 2 were given],[OLLAMA ERROR: 404],REVIEW
3000,extracted_03000,[TRANSLATION ERROR: Part.from_text() takes 1 positional argument but 2 were given],[OLLAMA ERROR: 404],REVIEW
3006,extracted_03006,[TRANSLATION ERROR: Part.from_text() takes 1 positional argument but 2 were given],[OLLAMA ERROR: 404],REVIEW
3019,extracted_03019,[TRANSLATION ERROR: Part.from_text() takes 1 positional argument but 2 were given],[OLLAMA ERROR: 404],REVIEW
3023,extracted_03023,[TRANSLATION ERROR: Part.from_text() takes 1 positional argument but 2 were given],[OLLAMA ERROR: 404],REVIEW
3025,extracted_03025,[TRANSLATION ERROR: Part.from_text() takes 1 positional argument but 2 were given],[OLLAMA ERROR: 404],REVIEW
3027,extracted_03027,[TRANSLATION ERROR: Part.from_text() takes 1 positional argument but 2 were given],[OLLAMA ERROR: 404],REVIEW
3036,extracted_03036,[TRANSLATION ERROR: Part.from_text() takes 1 positional argument but 2 were given],[OLLAMA ERROR: 404],REVIEW
3037,extracted_03037,[TRANSLATION ERROR: Part.from_text() takes 1 positional argument but 2 were given],[OLLAMA ERROR: 404],REVIEW
3044,extracted_03044,[TRANSLATION ERROR: Part.from_text() takes 1 positional argument but 2 were given],[OLLAMA ERROR: 404],REVIEW
3045,extracted_03045,[TRANSLATION ERROR: Part.from_text() takes 1 positional argument but 2 were given],[OLLAMA ERROR: 404],REVIEW
3046,extracted_03046,[TRANSLATION ERROR: Part.from_text() takes 1 positional argument but 2 were given],[OLLAMA ERROR: 404],REVIEW
3083,extracted_03083,[TRANSLATION ERROR: Part.from_text() takes 1 positional argument but 2 were given],[OLLAMA ERROR: 404],REVIEW
3100,extracted_03100,[TRANSLATION ERROR: Part.from_text() takes 1 positional argument but 2 were given],[OLLAMA ERROR: 404],REVIEW
3106,extracted_03106,[TRANSLATION ERROR: Part.from_text() takes 1 positional argument but 2 were given],[OLLAMA ERROR: 404],REVIEW
3119,extracted_03119,[TRANSLATION ERROR: Part.from_text() takes 1 positional argument but 2 were given],[OLLAMA ERROR: 404],REVIEW
3127,extracted_03127,[TRANSLATION ERROR: Part.from_text() takes 1 positional argument but 2 were given],[OLLAMA ERROR: 404],REVIEW
3129,extracted_03129,[TRANSLATION ERROR: Part.from_text() takes 1 positional argument but 2 were given],[OLLAMA ERROR: 404],REVIEW
3130,extracted_03130,[TRANSLATION ERROR: Part.from_text() takes 1 positional argument but 2 were given],[OLLAMA ERROR: 404],REVIEW
3131,extracted_03131,[TRANSLATION ERROR: Part.from_text() takes 1 positional argument but 2 were given],[OLLAMA ERROR: 404],REVIEW
3140,extracted_03140,[TRANSLATION ERROR: Part.from_text() takes 1 positional argument but 2 were given],[OLLAMA ERROR: 404],REVIEW
3142,extracted_03142,[TRANSLATION ERROR: Part.from_text() takes 1 positional argument but 2 were given],[OLLAMA ERROR: 404],REVIEW
3160,extracted_03160,[TRANSLATION ERROR: Part.from_text() takes 1 positional argument but 2 were given],[OLLAMA ERROR: 404],REVIEW
3162,extracted_03162,[TRANSLATION ERROR: Part.from_text() takes 1 positional argument but 2 were given],[OLLAMA ERROR: 404],REVIEW
3168,extracted_03168,[TRANSLATION ERROR: Part.from_text() takes 1 positional argument but 2 were given],[OLLAMA ERROR: 404],REVIEW
3175,extracted_03175,[TRANSLATION ERROR: Part.from_text() takes 1 positional argument but 2 were given],[OLLAMA ERROR: 404],REVIEW
3186,extracted_03186,[TRANSLATION ERROR: Part.from_text() takes 1 positional argument but 2 were given],[OLLAMA ERROR: 404],REVIEW
3188,extracted_03188,[TRANSLATION ERROR: Part.from_text() takes 1 positional argument but 2 were given],[OLLAMA ERROR: 404],REVIEW
3189,extracted_03189,[TRANSLATION ERROR: Part.from_text() takes 1 positional argument but 2 were given],[OLLAMA ERROR: 404],REVIEW
3197,extracted_03197,[TRANSLATION ERROR: Part.from_text() takes 1 positional argument but 2 were given],[OLLAMA ERROR: 404],REVIEW
3200,extracted_03200,[TRANSLATION ERROR: Part.from_text() takes 1 positional argument but 2 were given],[OLLAMA ERROR: 404],REVIEW
3202,extracted_03202,[TRANSLATION ERROR: Part.from_text() takes 1 positional argument but 2 were given],[OLLAMA ERROR: 404],REVIEW
3226,extracted_03226,[TRANSLATION ERROR: Part.from_text() takes 1 positional argument but 2 were given],[OLLAMA ERROR: 404],REVIEW
3228,extracted_03228,[TRANSLATION ERROR: Part.from_text() takes 1 positional argument but 2 were given],[OLLAMA ERROR: 404],REVIEW
3229,extracted_03229,[TRANSLATION ERROR: Part.from_text() takes 1 positional argument but 2 were given],[OLLAMA ERROR: 404],REVIEW
3230,extracted_03230,[TRANSLATION ERROR: Part.from_text() takes 1 positional argument but 2 were given],[OLLAMA ERROR: 404],REVIEW
3277,extracted_03277,[TRANSLATION ERROR: Part.from_text() takes 1 positional argument but 2 were given],[OLLAMA ERROR: 404],REVIEW
3279,extracted_03279,[TRANSLATION ERROR: Part.from_text() takes 1 positional argument but 2 were given],[OLLAMA ERROR: 404],REVIEW
3329,extracted_03329,[TRANSLATION ERROR: Part.from_text() takes 1 positional argument but 2 were given],[OLLAMA ERROR: 404],REVIEW
3330,extracted_03330,[TRANSLATION ERROR: Part.from_text() takes 1 positional argument but 2 were given],[OLLAMA ERROR: 404],REVIEW
3331,extracted_03331,[TRANSLATION ERROR: Part.from_text() takes 1 positional argument but 2 were given],[OLLAMA ERROR: 404],REVIEW
3332,extracted_03332,[TRANSLATION ERROR: Part.from_text() takes 1 positional argument but 2 were given],[OLLAMA ERROR: 404],REVIEW
3333,extracted_03333,[TRANSLATION ERROR: Part.from_text() takes 1 positional argument but 2 were given],[OLLAMA ERROR: 404],REVIEW
3334,extracted_03334,[TRANSLATION ERROR: Part.from_text() takes 1 positional argument but 2 were given],[OLLAMA ERROR: 404],REVIEW
3335,extracted_03335,[TRANSLATION ERROR: Part.from_text() takes 1 positional argument but 2 were given],[OLLAMA ERROR: 404],REVIEW
3342,extracted_03342,[TRANSLATION ERROR: Part.from_text() takes 1 positional argument but 2 were given],[OLLAMA ERROR: 404],REVIEW
3343,extracted_03343,[TRANSLATION ERROR: Part.from_text() takes 1 positional argument but 2 were given],[OLLAMA ERROR: 404],REVIEW
3345,extracted_03345,[TRANSLATION ERROR: Part.from_text() takes 1 positional argument but 2 were given],[OLLAMA ERROR: 404],REVIEW
3346,extracted_03346,[TRANSLATION ERROR: Part.from_text() takes 1 positional argument but 2 were given],[OLLAMA ERROR: 404],REVIEW
3353,extracted_03353,[TRANSLATION ERROR: Part.from_text() takes 1 positional argument but 2 were given],[OLLAMA ERROR: 404],REVIEW
3356,extracted_03356,[TRANSLATION ERROR: Part.from_text() takes 1 positional argument but 2 were given],[OLLAMA ERROR: 404],REVIEW
3357,extracted_03357,[TRANSLATION ERROR: Part.from_text() takes 1 positional argument but 2 were given],[OLLAMA ERROR: 404],REVIEW
3360,extracted_03360,[TRANSLATION ERROR: Part.from_text() takes 1 positional argument but 2 were given],[OLLAMA ERROR: 404],REVIEW
3361,extracted_03361,[TRANSLATION ERROR: Part.from_text() takes 1 positional argument but 2 were given],[OLLAMA ERROR: 404],REVIEW
3370,extracted_03370,[TRANSLATION ERROR: Part.from_text() takes 1 positional argument but 2 were given],[OLLAMA ERROR: 404],REVIEW
3375,extracted_03375,[TRANSLATION ERROR: Part.from_text() takes 1 positional argument but 2 were given],[OLLAMA ERROR: 404],REVIEW
3377,extracted_03377,[TRANSLATION ERROR: Part.from_text() takes 1 positional argument but 2 were given],[OLLAMA ERROR: 404],REVIEW
3380,extracted_03380,[TRANSLATION ERROR: Part.from_text() takes 1 positional argument but 2 were given],[OLLAMA ERROR: 404],REVIEW
3382,extracted_03382,[TRANSLATION ERROR: Part.from_text() takes 1 positional argument but 2 were given],[OLLAMA ERROR: 404],REVIEW
3396,extracted_03396,[TRANSLATION ERROR: Part.from_text() takes 1 positional argument but 2 were given],[OLLAMA ERROR: 404],REVIEW
3415,extracted_03415,[TRANSLATION ERROR: Part.from_text() takes 1 positional argument but 2 were given],[OLLAMA ERROR: 404],REVIEW
3420,extracted_03420,[TRANSLATION ERROR: Part.from_text() takes 1 positional argument but 2 were given],[OLLAMA ERROR: 404],REVIEW
3423,extracted_03423,[TRANSLATION ERROR: Part.from_text() takes 1 positional argument but 2 were given],[OLLAMA ERROR: 404],REVIEW
3433,extracted_03433,[TRANSLATION ERROR: Part.from_text() takes 1 positional argument but 2 were given],[OLLAMA ERROR: 404],REVIEW
3445,extracted_03445,[TRANSLATION ERROR: Part.from_text() takes 1 positional argument but 2 were given],[OLLAMA ERROR: 404],REVIEW
3446,extracted_03446,[TRANSLATION ERROR: Part.from_text() takes 1 positional argument but 2 were given],[OLLAMA ERROR: 404],REVIEW
3448,extracted_03448,[TRANSLATION ERROR: Part.from_text() takes 1 positional argument but 2 were given],[OLLAMA ERROR: 404],REVIEW
3453,extracted_03453,[TRANSLATION ERROR: Part.from_text() takes 1 positional argument but 2 were given],[OLLAMA ERROR: 404],REVIEW
3461,extracted_03461,[TRANSLATION ERROR: Part.from_text() takes 1 positional argument but 2 were given],[OLLAMA ERROR: 404],REVIEW
3488,extracted_03488,[TRANSLATION ERROR: Part.from_text() takes 1 positional argument but 2 were given],[OLLAMA ERROR: 404],REVIEW
3489,extracted_03489,[TRANSLATION ERROR: Part.from_text() takes 1 positional argument but 2 were given],[OLLAMA ERROR: 404],REVIEW
3493,extracted_03493,[TRANSLATION ERROR: Part.from_text() takes 1 positional argument but 2 were given],[OLLAMA ERROR: 404],REVIEW
3502,extracted_03502,[TRANSLATION ERROR: Part.from_text() takes 1 positional argument but 2 were given],[OLLAMA ERROR: 404],REVIEW
3506,extracted_03506,[TRANSLATION ERROR: Part.from_text() takes 1 positional argument but 2 were given],[OLLAMA ERROR: 404],REVIEW
3508,extracted_03508,[TRANSLATION ERROR: Part.from_text() takes 1 positional argument but 2 were given],[OLLAMA ERROR: 404],REVIEW
3510,extracted_03510,[TRANSLATION ERROR: Part.from_text() takes 1 positional argument but 2 were given],[OLLAMA ERROR: 404],REVIEW
3512,extracted_03512,[TRANSLATION ERROR: Part.from_text() takes 1 positional argument but 2 were given],[OLLAMA ERROR: 404],REVIEW
3514,extracted_03514,[TRANSLATION ERROR: Part.from_text() takes 1 positional argument but 2 were given],[OLLAMA ERROR: 404],REVIEW
3515,extracted_03515,[TRANSLATION ERROR: Part.from_text() takes 1 positional argument but 2 were given],[OLLAMA ERROR: 404],REVIEW
3516,extracted_03516,[TRANSLATION ERROR: Part.from_text() takes 1 positional argument but 2 were given],[OLLAMA ERROR: 404],REVIEW
3517,extracted_03517,[TRANSLATION ERROR: Part.from_text() takes 1 positional argument but 2 were given],[OLLAMA ERROR: 404],REVIEW
3518,extracted_03518,[TRANSLATION ERROR: Part.from_text() takes 1 positional argument but 2 were given],[OLLAMA ERROR: 404],REVIEW
3519,extracted_03519,[TRANSLATION ERROR: Part.from_text() takes 1 positional argument but 2 were given],[OLLAMA ERROR: 404],REVIEW
3522,extracted_03522,[TRANSLATION ERROR: Part.from_text() takes 1 positional argument but 2 were given],[OLLAMA ERROR: 404],REVIEW
3523,extracted_03523,[TRANSLATION ERROR: Part.from_text() takes 1 positional argument but 2 were given],[OLLAMA ERROR: 404],REVIEW
3561,extracted_03561,[TRANSLATION ERROR: Part.from_text() takes 1 positional argument but 2 were given],[OLLAMA ERROR: 404],REVIEW
3564,extracted_03564,[TRANSLATION ERROR: Part.from_text() takes 1 positional argument but 2 were given],[OLLAMA ERROR: 404],REVIEW
3567,extracted_03567,[TRANSLATION ERROR: Part.from_text() takes 1 positional argument but 2 were given],[OLLAMA ERROR: 404],REVIEW
3585,extracted_03585,[TRANSLATION ERROR: Part.from_text() takes 1 positional argument but 2 were given],[OLLAMA ERROR: 404],REVIEW
3593,extracted_03593,[TRANSLATION ERROR: Part.from_text() takes 1 positional argument but 2 were given],[OLLAMA ERROR: 404],REVIEW
3623,extracted_03623,[TRANSLATION ERROR: Part.from_text() takes 1 positional argument but 2 were given],[OLLAMA ERROR: 404],REVIEW
3632,extracted_03632,[TRANSLATION ERROR: Part.from_text() takes 1 positional argument but 2 were given],[OLLAMA ERROR: 404],REVIEW
3633,extracted_03633,[TRANSLATION ERROR: Part.from_text() takes 1 positional argument but 2 were given],[OLLAMA ERROR: 404],REVIEW
3635,extracted_03635,[TRANSLATION ERROR: Part.from_text() takes 1 positional argument but 2 were given],[OLLAMA ERROR: 404],REVIEW
3646,extracted_03646,[TRANSLATION ERROR: Part.from_text() takes 1 positional argument but 2 were given],[OLLAMA ERROR: 404],REVIEW
3649,extracted_03649,[TRANSLATION ERROR: Part.from_text() takes 1 positional argument but 2 were given],[OLLAMA ERROR: 404],REVIEW
3652,extracted_03652,[TRANSLATION ERROR: Part.from_text() takes 1 positional argument but 2 were given],[OLLAMA ERROR: 404],REVIEW
3653,extracted_03653,[TRANSLATION ERROR: Part.from_text() takes 1 positional argument but 2 were given],[OLLAMA ERROR: 404],REVIEW
3654,extracted_03654,[TRANSLATION ERROR: Part.from_text() takes 1 positional argument but 2 were given],[OLLAMA ERROR: 404],REVIEW
3655,extracted_03655,[TRANSLATION ERROR: Part.from_text() takes 1 positional argument but 2 were given],[OLLAMA ERROR: 404],REVIEW
3659,extracted_03659,[TRANSLATION ERROR: Part.from_text() takes 1 positional argument but 2 were given],[OLLAMA ERROR: 404],REVIEW
3660,extracted_03660,[TRANSLATION ERROR: Part.from_text() takes 1 positional argument but 2 were given],[OLLAMA ERROR: 404],REVIEW
3663,extracted_03663,[TRANSLATION ERROR: Part.from_text() takes 1 positional argument but 2 were given],[OLLAMA ERROR: 404],REVIEW
3664,extracted_03664,[TRANSLATION ERROR: Part.from_text() takes 1 positional argument but 2 were given],[OLLAMA ERROR: 404],REVIEW
3674,extracted_03674,[TRANSLATION ERROR: Part.from_text() takes 1 positional argument but 2 were given],[OLLAMA ERROR: 404],REVIEW
3676,extracted_03676,[TRANSLATION ERROR: Part.from_text() takes 1 positional argument but 2 were given],[OLLAMA ERROR: 404],REVIEW
3677,extracted_03677,[TRANSLATION ERROR: Part.from_text() takes 1 positional argument but 2 were given],[OLLAMA ERROR: 404],REVIEW
3678,extracted_03678,[TRANSLATION ERROR: Part.from_text() takes 1 positional argument but 2 were given],[OLLAMA ERROR: 404],REVIEW
3682,extracted_03682,[TRANSLATION ERROR: Part.from_text() takes 1 positional argument but 2 were given],[OLLAMA ERROR: 404],REVIEW
3684,extracted_03684,[TRANSLATION ERROR: Part.from_text() takes 1 positional argument but 2 were given],[OLLAMA ERROR: 404],REVIEW
3686,extracted_03686,[TRANSLATION ERROR: Part.from_text() takes 1 positional argument but 2 were given],[OLLAMA ERROR: 404],REVIEW
3688,extracted_03688,[TRANSLATION ERROR: Part.from_text() takes 1 positional argument but 2 were given],[OLLAMA ERROR: 404],REVIEW
3690,extracted_03690,[TRANSLATION ERROR: Part.from_text() takes 1 positional argument but 2 were given],[OLLAMA ERROR: 404],REVIEW
3692,extracted_03692,[TRANSLATION ERROR: Part.from_text() takes 1 positional argument but 2 were given],[OLLAMA ERROR: 404],REVIEW
3693,extracted_03693,[TRANSLATION ERROR: Part.from_text() takes 1 positional argument but 2 were given],[OLLAMA ERROR: 404],REVIEW
3694,extracted_03694,[TRANSLATION ERROR: Part.from_text() takes 1 positional argument but 2 were given],[OLLAMA ERROR: 404],REVIEW
3702,extracted_03702,[TRANSLATION ERROR: Part.from_text() takes 1 positional argument but 2 were given],[OLLAMA ERROR: 404],REVIEW
3703,extracted_03703,[TRANSLATION ERROR: Part.from_text() takes 1 positional argument but 2 were given],[OLLAMA ERROR: 404],REVIEW
3704,extracted_03704,[TRANSLATION ERROR: Part.from_text() takes 1 positional argument but 2 were given],[OLLAMA ERROR: 404],REVIEW
3705,extracted_03705,[TRANSLATION ERROR: Part.from_text() takes 1 positional argument but 2 were given],[OLLAMA ERROR: 404],REVIEW
3709,extracted_03709,[TRANSLATION ERROR: Part.from_text() takes 1 positional argument but 2 were given],[OLLAMA ERROR: 404],REVIEW
3715,extracted_03715,[TRANSLATION ERROR: Part.from_text() takes 1 positional argument but 2 were given],[OLLAMA ERROR: 404],REVIEW
3717,extracted_03717,[TRANSLATION ERROR: Part.from_text() takes 1 positional argument but 2 were given],[OLLAMA ERROR: 404],REVIEW
3718,extracted_03718,[TRANSLATION ERROR: Part.from_text() takes 1 positional argument but 2 were given],[OLLAMA ERROR: 404],REVIEW
3719,extracted_03719,[TRANSLATION ERROR: Part.from_text() takes 1 positional argument but 2 were given],[OLLAMA ERROR: 404],REVIEW
3721,extracted_03721,[TRANSLATION ERROR: Part.from_text() takes 1 positional argument but 2 were given],[OLLAMA ERROR: 404],REVIEW
3724,extracted_03724,[TRANSLATION ERROR: Part.from_text() takes 1 positional argument but 2 were given],[OLLAMA ERROR: 404],REVIEW
3740,extracted_03740,[TRANSLATION ERROR: Part.from_text() takes 1 positional argument but 2 were given],[OLLAMA ERROR: 404],REVIEW
3745,extracted_03745,[TRANSLATION ERROR: Part.from_text() takes 1 positional argument but 2 were given],[OLLAMA ERROR: 404],REVIEW
3746,extracted_03746,[TRANSLATION ERROR: Part.from_text() takes 1 positional argument but 2 were given],[OLLAMA ERROR: 404],REVIEW
3761,extracted_03761,[TRANSLATION ERROR: Part.from_text() takes 1 positional argument but 2 were given],[OLLAMA ERROR: 404],REVIEW
3769,extracted_03769,[TRANSLATION ERROR: Part.from_text() takes 1 positional argument but 2 were given],[OLLAMA ERROR: 404],REVIEW
3770,extracted_03770,[TRANSLATION ERROR: Part.from_text() takes 1 positional argument but 2 were given],[OLLAMA ERROR: 404],REVIEW
3774,extracted_03774,[TRANSLATION ERROR: Part.from_text() takes 1 positional argument but 2 were given],[OLLAMA ERROR: 404],REVIEW
3779,extracted_03779,[TRANSLATION ERROR: Part.from_text() takes 1 positional argument but 2 were given],[OLLAMA ERROR: 404],REVIEW
3780,extracted_03780,[TRANSLATION ERROR: Part.from_text() takes 1 positional argument but 2 were given],[OLLAMA ERROR: 404],REVIEW
3782,extracted_03782,[TRANSLATION ERROR: Part.from_text() takes 1 positional argument but 2 were given],[OLLAMA ERROR: 404],REVIEW
3788,extracted_03788,[TRANSLATION ERROR: Part.from_text() takes 1 positional argument but 2 were given],[OLLAMA ERROR: 404],REVIEW
3789,extracted_03789,[TRANSLATION ERROR: Part.from_text() takes 1 positional argument but 2 were given],[OLLAMA ERROR: 404],REVIEW
3790,extracted_03790,[TRANSLATION ERROR: Part.from_text() takes 1 positional argument but 2 were given],[OLLAMA ERROR: 404],REVIEW
3791,extracted_03791,[TRANSLATION ERROR: Part.from_text() takes 1 positional argument but 2 were given],[OLLAMA ERROR: 404],REVIEW
3793,extracted_03793,[TRANSLATION ERROR: Part.from_text() takes 1 positional argument but 2 were given],[OLLAMA ERROR: 404],REVIEW
3796,extracted_03796,[TRANSLATION ERROR: Part.from_text() takes 1 positional argument but 2 were given],[OLLAMA ERROR: 404],REVIEW
3799,extracted_03799,[TRANSLATION ERROR: Part.from_text() takes 1 positional argument but 2 were given],[OLLAMA ERROR: 404],REVIEW
3812,extracted_03812,[TRANSLATION ERROR: Part.from_text() takes 1 positional argument but 2 were given],[OLLAMA ERROR: 404],REVIEW
3820,extracted_03820,[TRANSLATION ERROR: Part.from_text() takes 1 positional argument but 2 were given],[OLLAMA ERROR: 404],REVIEW
3825,extracted_03825,[TRANSLATION ERROR: Part.from_text() takes 1 positional argument but 2 were given],[OLLAMA ERROR: 404],REVIEW
3828,extracted_03828,[TRANSLATION ERROR: Part.from_text() takes 1 positional argument but 2 were given],[OLLAMA ERROR: 404],REVIEW
3829,extracted_03829,[TRANSLATION ERROR: Part.from_text() takes 1 positional argument but 2 were given],[OLLAMA ERROR: 404],REVIEW
3831,extracted_03831,[TRANSLATION ERROR: Part.from_text() takes 1 positional argument but 2 were given],[OLLAMA ERROR: 404],REVIEW
3832,extracted_03832,[TRANSLATION ERROR: Part.from_text() takes 1 positional argument but 2 were given],[OLLAMA ERROR: 404],REVIEW
3836,extracted_03836,[TRANSLATION ERROR: Part.from_text() takes 1 positional argument but 2 were given],[OLLAMA ERROR: 404],REVIEW
3839,extracted_03839,[TRANSLATION ERROR: Part.from_text() takes 1 positional argument but 2 were given],[OLLAMA ERROR: 404],REVIEW
3840,extracted_03840,[TRANSLATION ERROR: Part.from_text() takes 1 positional argument but 2 were given],[OLLAMA ERROR: 404],REVIEW
3845,extracted_03845,[TRANSLATION ERROR: Part.from_text() takes 1 positional argument but 2 were given],[OLLAMA ERROR: 404],REVIEW
3847,extracted_03847,[TRANSLATION ERROR: Part.from_text() takes 1 positional argument but 2 were given],[OLLAMA ERROR: 404],REVIEW
3848,extracted_03848,[TRANSLATION ERROR: Part.from_text() takes 1 positional argument but 2 were given],[OLLAMA ERROR: 404],REVIEW
3849,extracted_03849,[TRANSLATION ERROR: Part.from_text() takes 1 positional argument but 2 were given],[OLLAMA ERROR: 404],REVIEW
3854,extracted_03854,[TRANSLATION ERROR: Part.from_text() takes 1 positional argument but 2 were given],[OLLAMA ERROR: 404],REVIEW
3858,extracted_03858,[TRANSLATION ERROR: Part.from_text() takes 1 positional argument but 2 were given],[OLLAMA ERROR: 404],REVIEW
3867,extracted_03867,[TRANSLATION ERROR: Part.from_text() takes 1 positional argument but 2 were given],[OLLAMA ERROR: 404],REVIEW
3873,extracted_03873,[TRANSLATION ERROR: Part.from_text() takes 1 positional argument but 2 were given],[OLLAMA ERROR: 404],REVIEW
3876,extracted_03876,[TRANSLATION ERROR: Part.from_text() takes 1 positional argument but 2 were given],[OLLAMA ERROR: 404],REVIEW
3877,extracted_03877,[TRANSLATION ERROR: Part.from_text() takes 1 positional argument but 2 were given],[OLLAMA ERROR: 404],REVIEW
3878,extracted_03878,[TRANSLATION ERROR: Part.from_text() takes 1 positional argument but 2 were given],[OLLAMA ERROR: 404],REVIEW
3940,extracted_03940,[TRANSLATION ERROR: Part.from_text() takes 1 positional argument but 2 were given],[OLLAMA ERROR: 404],REVIEW
3941,extracted_03941,[TRANSLATION ERROR: Part.from_text() takes 1 positional argument but 2 were given],[OLLAMA ERROR: 404],REVIEW
3943,extracted_03943,[TRANSLATION ERROR: Part.from_text() takes 1 positional argument but 2 were given],[OLLAMA ERROR: 404],REVIEW
3945,extracted_03945,[TRANSLATION ERROR: Part.from_text() takes 1 positional argument but 2 were given],[OLLAMA ERROR: 404],REVIEW
3948,extracted_03948,[TRANSLATION ERROR: Part.from_text() takes 1 positional argument but 2 were given],[OLLAMA ERROR: 404],REVIEW
3953,extracted_03953,[TRANSLATION ERROR: Part.from_text() takes 1 positional argument but 2 were given],[OLLAMA ERROR: 404],REVIEW
3954,extracted_03954,[TRANSLATION ERROR: Part.from_text() takes 1 positional argument but 2 were given],[OLLAMA ERROR: 404],REVIEW
3960,extracted_03960,[TRANSLATION ERROR: Part.from_text() takes 1 positional argument but 2 were given],[OLLAMA ERROR: 404],REVIEW
3962,extracted_03962,[TRANSLATION ERROR: Part.from_text() takes 1 positional argument but 2 were given],[OLLAMA ERROR: 404],REVIEW
3963,extracted_03963,[TRANSLATION ERROR: Part.from_text() takes 1 positional argument but 2 were given],[OLLAMA ERROR: 404],REVIEW
3966,extracted_03966,[TRANSLATION ERROR: Part.from_text() takes 1 positional argument but 2 were given],[OLLAMA ERROR: 404],REVIEW
3967,extracted_03967,[TRANSLATION ERROR: Part.from_text() takes 1 positional argument but 2 were given],[OLLAMA ERROR: 404],REVIEW
3968,extracted_03968,[TRANSLATION ERROR: Part.from_text() takes 1 positional argument but 2 were given],[OLLAMA ERROR: 404],REVIEW
3969,extracted_03969,[TRANSLATION ERROR: Part.from_text() takes 1 positional argument but 2 were given],[OLLAMA ERROR: 404],REVIEW
3970,extracted_03970,[TRANSLATION ERROR: Part.from_text() takes 1 positional argument but 2 were given],[OLLAMA ERROR: 404],REVIEW
3972,extracted_03972,[TRANSLATION ERROR: Part.from_text() takes 1 positional argument but 2 were given],[OLLAMA ERROR: 404],REVIEW
3973,extracted_03973,[TRANSLATION ERROR: Part.from_text() takes 1 positional argument but 2 were given],[OLLAMA ERROR: 404],REVIEW
3975,extracted_03975,[TRANSLATION ERROR: Part.from_text() takes 1 positional argument but 2 were given],[OLLAMA ERROR: 404],REVIEW
3976,extracted_03976,[TRANSLATION ERROR: Part.from_text() takes 1 positional argument but 2 were given],[OLLAMA ERROR: 404],REVIEW
3979,extracted_03979,[TRANSLATION ERROR: Part.from_text() takes 1 positional argument but 2 were given],[OLLAMA ERROR: 404],REVIEW
3983,extracted_03983,[TRANSLATION ERROR: Part.from_text() takes 1 positional argument but 2 were given],[OLLAMA ERROR: 404],REVIEW
3985,extracted_03985,[TRANSLATION ERROR: Part.from_text() takes 1 positional argument but 2 were given],[OLLAMA ERROR: 404],REVIEW
3986,extracted_03986,[TRANSLATION ERROR: Part.from_text() takes 1 positional argument but 2 were given],[OLLAMA ERROR: 404],REVIEW
3988,extracted_03988,[TRANSLATION ERROR: Part.from_text() takes 1 positional argument but 2 were given],[OLLAMA ERROR: 404],REVIEW
3989,extracted_03989,[TRANSLATION ERROR: Part.from_text() takes 1 positional argument but 2 were given],[OLLAMA ERROR: 404],REVIEW
3990,extracted_03990,[TRANSLATION ERROR: Part.from_text() takes 1 positional argument but 2 were given],[OLLAMA ERROR: 404],REVIEW
3992,extracted_03992,[TRANSLATION ERROR: Part.from_text() takes 1 positional argument but 2 were given],[OLLAMA ERROR: 404],REVIEW
3993,extracted_03993,[TRANSLATION ERROR: Part.from_text() takes 1 positional argument but 2 were given],[OLLAMA ERROR: 404],REVIEW
3994,extracted_03994,[TRANSLATION ERROR: Part.from_text() takes 1 positional argument but 2 were given],[OLLAMA ERROR: 404],REVIEW
4047,extracted_04047,[TRANSLATION ERROR: Part.from_text() takes 1 positional argument but 2 were given],[OLLAMA ERROR: 404],REVIEW
4049,extracted_04049,[TRANSLATION ERROR: Part.from_text() takes 1 positional argument but 2 were given],[OLLAMA ERROR: 404],REVIEW
4055,extracted_04055,[TRANSLATION ERROR: Part.from_text() takes 1 positional argument but 2 were given],[OLLAMA ERROR: 404],REVIEW
4056,extracted_04056,[TRANSLATION ERROR: Part.from_text() takes 1 positional argument but 2 were given],[OLLAMA ERROR: 404],REVIEW
4097,extracted_04097,[TRANSLATION ERROR: Part.from_text() takes 1 positional argument but 2 were given],[OLLAMA ERROR: 404],REVIEW
4098,extracted_04098,[TRANSLATION ERROR: Part.from_text() takes 1 positional argument but 2 were given],[OLLAMA ERROR: 404],REVIEW
4100,extracted_04100,[TRANSLATION ERROR: Part.from_text() takes 1 positional argument but 2 were given],[OLLAMA ERROR: 404],REVIEW
4104,extracted_04104,[TRANSLATION ERROR: Part.from_text() takes 1 positional argument but 2 were given],[OLLAMA ERROR: 404],REVIEW
4109,extracted_04109,[TRANSLATION ERROR: Part.from_text() takes 1 positional argument but 2 were given],[OLLAMA ERROR: 404],REVIEW
4120,extracted_04120,[TRANSLATION ERROR: Part.from_text() takes 1 positional argument but 2 were given],[OLLAMA ERROR: 404],REVIEW
4121,extracted_04121,[TRANSLATION ERROR: Part.from_text() takes 1 positional argument but 2 were given],[OLLAMA ERROR: 404],REVIEW
4122,extracted_04122,[TRANSLATION ERROR: Part.from_text() takes 1 positional argument but 2 were given],[OLLAMA ERROR: 404],REVIEW
4123,extracted_04123,[TRANSLATION ERROR: Part.from_text() takes 1 positional argument but 2 were given],[OLLAMA ERROR: 404],REVIEW
4129,extracted_04129,[TRANSLATION ERROR: Part.from_text() takes 1 positional argument but 2 were given],[OLLAMA ERROR: 404],REVIEW
4137,extracted_04137,[TRANSLATION ERROR: Part.from_text() takes 1 positional argument but 2 were given],[OLLAMA ERROR: 404],REVIEW
4141,extracted_04141,[TRANSLATION ERROR: Part.from_text() takes 1 positional argument but 2 were given],[OLLAMA ERROR: 404],REVIEW
4144,extracted_04144,[TRANSLATION ERROR: Part.from_text() takes 1 positional argument but 2 were given],[OLLAMA ERROR: 404],REVIEW
4148,extracted_04148,[TRANSLATION ERROR: Part.from_text() takes 1 positional argument but 2 were given],[OLLAMA ERROR: 404],REVIEW
4152,extracted_04152,[TRANSLATION ERROR: Part.from_text() takes 1 positional argument but 2 were given],[OLLAMA ERROR: 404],REVIEW
4156,extracted_04156,[TRANSLATION ERROR: Part.from_text() takes 1 positional argument but 2 were given],[OLLAMA ERROR: 404],REVIEW
4164,extracted_04164,[TRANSLATION ERROR: Part.from_text() takes 1 positional argument but 2 were given],[OLLAMA ERROR: 404],REVIEW
4166,extracted_04166,[TRANSLATION ERROR: Part.from_text() takes 1 positional argument but 2 were given],[OLLAMA ERROR: 404],REVIEW
4167,extracted_04167,[TRANSLATION ERROR: Part.from_text() takes 1 positional argument but 2 were given],[OLLAMA ERROR: 404],REVIEW
4168,extracted_04168,[TRANSLATION ERROR: Part.from_text() takes 1 positional argument but 2 were given],[OLLAMA ERROR: 404],REVIEW
4172,extracted_04172,[TRANSLATION ERROR: Part.from_text() takes 1 positional argument but 2 were given],[OLLAMA ERROR: 404],REVIEW
4173,extracted_04173,[TRANSLATION ERROR: Part.from_text() takes 1 positional argument but 2 were given],[OLLAMA ERROR: 404],REVIEW
4175,extracted_04175,[TRANSLATION ERROR: Part.from_text() takes 1 positional argument but 2 were given],[OLLAMA ERROR: 404],REVIEW
4179,extracted_04179,[TRANSLATION ERROR: Part.from_text() takes 1 positional argument but 2 were given],[OLLAMA ERROR: 404],REVIEW
4181,extracted_04181,[TRANSLATION ERROR: Part.from_text() takes 1 positional argument but 2 were given],[OLLAMA ERROR: 404],REVIEW
4185,extracted_04185,[TRANSLATION ERROR: Part.from_text() takes 1 positional argument but 2 were given],[OLLAMA ERROR: 404],REVIEW
4187,extracted_04187,[TRANSLATION ERROR: Part.from_text() takes 1 positional argument but 2 were given],[OLLAMA ERROR: 404],REVIEW
4192,extracted_04192,[TRANSLATION ERROR: Part.from_text() takes 1 positional argument but 2 were given],[OLLAMA ERROR: 404],REVIEW
4201,extracted_04201,[TRANSLATION ERROR: Part.from_text() takes 1 positional argument but 2 were given],[OLLAMA ERROR: 404],REVIEW
4203,extracted_04203,[TRANSLATION ERROR: Part.from_text() takes 1 positional argument but 2 were given],[OLLAMA ERROR: 404],REVIEW
4204,extracted_04204,[TRANSLATION ERROR: Part.from_text() takes 1 positional argument but 2 were given],[OLLAMA ERROR: 404],REVIEW
4205,extracted_04205,[TRANSLATION ERROR: Part.from_text() takes 1 positional argument but 2 were given],[OLLAMA ERROR: 404],REVIEW
4209,extracted_04209,[TRANSLATION ERROR: Part.from_text() takes 1 positional argument but 2 were given],[OLLAMA ERROR: 404],REVIEW
4224,extracted_04224,[TRANSLATION ERROR: Part.from_text() takes 1 positional argument but 2 were given],[OLLAMA ERROR: 404],REVIEW
4226,extracted_04226,[TRANSLATION ERROR: Part.from_text() takes 1 positional argument but 2 were given],[OLLAMA ERROR: 404],REVIEW
4229,extracted_04229,[TRANSLATION ERROR: Part.from_text() takes 1 positional argument but 2 were given],[OLLAMA ERROR: 404],REVIEW
4231,extracted_04231,[TRANSLATION ERROR: Part.from_text() takes 1 positional argument but 2 were given],[OLLAMA ERROR: 404],REVIEW
4232,extracted_04232,[TRANSLATION ERROR: Part.from_text() takes 1 positional argument but 2 were given],[OLLAMA ERROR: 404],REVIEW
4234,extracted_04234,[TRANSLATION ERROR: Part.from_text() takes 1 positional argument but 2 were given],[OLLAMA ERROR: 404],REVIEW
4235,extracted_04235,[TRANSLATION ERROR: Part.from_text() takes 1 positional argument but 2 were given],[OLLAMA ERROR: 404],REVIEW
4236,extracted_04236,[TRANSLATION ERROR: Part.from_text() takes 1 positional argument but 2 were given],[OLLAMA ERROR: 404],REVIEW
4238,extracted_04238,[TRANSLATION ERROR: Part.from_text() takes 1 positional argument but 2 were given],[OLLAMA ERROR: 404],REVIEW
4243,extracted_04243,[TRANSLATION ERROR: Part.from_text() takes 1 positional argument but 2 were given],[OLLAMA ERROR: 404],REVIEW
4248,extracted_04248,[TRANSLATION ERROR: Part.from_text() takes 1 positional argument but 2 were given],[OLLAMA ERROR: 404],REVIEW
4251,extracted_04251,[TRANSLATION ERROR: Part.from_text() takes 1 positional argument but 2 were given],[OLLAMA ERROR: 404],REVIEW
4258,extracted_04258,[TRANSLATION ERROR: Part.from_text() takes 1 positional argument but 2 were given],[OLLAMA ERROR: 404],REVIEW
4265,extracted_04265,[TRANSLATION ERROR: Part.from_text() takes 1 positional argument but 2 were given],[OLLAMA ERROR: 404],REVIEW
4266,extracted_04266,[TRANSLATION ERROR: Part.from_text() takes 1 positional argument but 2 were given],[OLLAMA ERROR: 404],REVIEW
4267,extracted_04267,[TRANSLATION ERROR: Part.from_text() takes 1 positional argument but 2 were given],[OLLAMA ERROR: 404],REVIEW
4275,extracted_04275,[TRANSLATION ERROR: Part.from_text() takes 1 positional argument but 2 were given],[OLLAMA ERROR: 404],REVIEW
4276,extracted_04276,[TRANSLATION ERROR: Part.from_text() takes 1 positional argument but 2 were given],[OLLAMA ERROR: 404],REVIEW
4278,extracted_04278,[TRANSLATION ERROR: Part.from_text() takes 1 positional argument but 2 were given],[OLLAMA ERROR: 404],REVIEW
4282,extracted_04282,[TRANSLATION ERROR: Part.from_text() takes 1 positional argument but 2 were given],[OLLAMA ERROR: 404],REVIEW
4285,extracted_04285,[TRANSLATION ERROR: Part.from_text() takes 1 positional argument but 2 were given],[OLLAMA ERROR: 404],REVIEW
4286,extracted_04286,[TRANSLATION ERROR: Part.from_text() takes 1 positional argument but 2 were given],[OLLAMA ERROR: 404],REVIEW
4287,extracted_04287,[TRANSLATION ERROR: Part.from_text() takes 1 positional argument but 2 were given],[OLLAMA ERROR: 404],REVIEW
4288,extracted_04288,[TRANSLATION ERROR: Part.from_text() takes 1 positional argument but 2 were given],[OLLAMA ERROR: 404],REVIEW
4298,extracted_04298,[TRANSLATION ERROR: Part.from_text() takes 1 positional argument but 2 were given],[OLLAMA ERROR: 404],REVIEW
4299,extracted_04299,[TRANSLATION ERROR: Part.from_text() takes 1 positional argument but 2 were given],[OLLAMA ERROR: 404],REVIEW
4302,extracted_04302,[TRANSLATION ERROR: Part.from_text() takes 1 positional argument but 2 were given],[OLLAMA ERROR: 404],REVIEW
4306,extracted_04306,[TRANSLATION ERROR: Part.from_text() takes 1 positional argument but 2 were given],[OLLAMA ERROR: 404],REVIEW
4310,extracted_04310,[TRANSLATION ERROR: Part.from_text() takes 1 positional argument but 2 were given],[OLLAMA ERROR: 404],REVIEW
4313,extracted_04313,[TRANSLATION ERROR: Part.from_text() takes 1 positional argument but 2 were given],[OLLAMA ERROR: 404],REVIEW
4314,extracted_04314,[TRANSLATION ERROR: Part.from_text() takes 1 positional argument but 2 were given],[OLLAMA ERROR: 404],REVIEW
4315,extracted_04315,[TRANSLATION ERROR: Part.from_text() takes 1 positional argument but 2 were given],[OLLAMA ERROR: 404],REVIEW
4316,extracted_04316,[TRANSLATION ERROR: Part.from_text() takes 1 positional argument but 2 were given],[OLLAMA ERROR: 404],REVIEW
4319,extracted_04319,[TRANSLATION ERROR: Part.from_text() takes 1 positional argument but 2 were given],[OLLAMA ERROR: 404],REVIEW
4322,extracted_04322,[TRANSLATION ERROR: Part.from_text() takes 1 positional argument but 2 were given],[OLLAMA ERROR: 404],REVIEW
4323,extracted_04323,[TRANSLATION ERROR: Part.from_text() takes 1 positional argument but 2 were given],[OLLAMA ERROR: 404],REVIEW
4332,extracted_04332,[TRANSLATION ERROR: Part.from_text() takes 1 positional argument but 2 were given],[OLLAMA ERROR: 404],REVIEW
4333,extracted_04333,[TRANSLATION ERROR: Part.from_text() takes 1 positional argument but 2 were given],[OLLAMA ERROR: 404],REVIEW
4340,extracted_04340,[TRANSLATION ERROR: Part.from_text() takes 1 positional argument but 2 were given],[OLLAMA ERROR: 404],REVIEW
4347,extracted_04347,[TRANSLATION ERROR: Part.from_text() takes 1 positional argument but 2 were given],[OLLAMA ERROR: 404],REVIEW
4353,extracted_04353,[TRANSLATION ERROR: Part.from_text() takes 1 positional argument but 2 were given],[OLLAMA ERROR: 404],REVIEW
4355,extracted_04355,[TRANSLATION ERROR: Part.from_text() takes 1 positional argument but 2 were given],[OLLAMA ERROR: 404],REVIEW
4356,extracted_04356,[TRANSLATION ERROR: Part.from_text() takes 1 positional argument but 2 were given],[OLLAMA ERROR: 404],REVIEW
4366,extracted_04366,[TRANSLATION ERROR: Part.from_text() takes 1 positional argument but 2 were given],[OLLAMA ERROR: 404],REVIEW
4368,extracted_04368,[TRANSLATION ERROR: Part.from_text() takes 1 positional argument but 2 were given],[OLLAMA ERROR: 404],REVIEW
4369,extracted_04369,[TRANSLATION ERROR: Part.from_text() takes 1 positional argument but 2 were given],[OLLAMA ERROR: 404],REVIEW
4370,extracted_04370,[TRANSLATION ERROR: Part.from_text() takes 1 positional argument but 2 were given],[OLLAMA ERROR: 404],REVIEW
4371,extracted_04371,[TRANSLATION ERROR: Part.from_text() takes 1 positional argument but 2 were given],[OLLAMA ERROR: 404],REVIEW
4377,extracted_04377,[TRANSLATION ERROR: Part.from_text() takes 1 positional argument but 2 were given],[OLLAMA ERROR: 404],REVIEW
4379,extracted_04379,[TRANSLATION ERROR: Part.from_text() takes 1 positional argument but 2 were given],[OLLAMA ERROR: 404],REVIEW
4380,extracted_04380,[TRANSLATION ERROR: Part.from_text() takes 1 positional argument but 2 were given],[OLLAMA ERROR: 404],REVIEW
4381,extracted_04381,[TRANSLATION ERROR: Part.from_text() takes 1 positional argument but 2 were given],[OLLAMA ERROR: 404],REVIEW
4383,extracted_04383,[TRANSLATION ERROR: Part.from_text() takes 1 positional argument but 2 were given],[OLLAMA ERROR: 404],REVIEW
4384,extracted_04384,[TRANSLATION ERROR: Part.from_text() takes 1 positional argument but 2 were given],[OLLAMA ERROR: 404],REVIEW
4386,extracted_04386,[TRANSLATION ERROR: Part.from_text() takes 1 positional argument but 2 were given],[OLLAMA ERROR: 404],REVIEW
4389,extracted_04389,[TRANSLATION ERROR: Part.from_text() takes 1 positional argument but 2 were given],[OLLAMA ERROR: 404],REVIEW
4396,extracted_04396,[TRANSLATION ERROR: Part.from_text() takes 1 positional argument but 2 were given],[OLLAMA ERROR: 404],REVIEW
4397,extracted_04397,[TRANSLATION ERROR: Part.from_text() takes 1 positional argument but 2 were given],[OLLAMA ERROR: 404],REVIEW
4398,extracted_04398,[TRANSLATION ERROR: Part.from_text() takes 1 positional argument but 2 were given],[OLLAMA ERROR: 404],REVIEW
4399,extracted_04399,[TRANSLATION ERROR: Part.from_text() takes 1 positional argument but 2 were given],[OLLAMA ERROR: 404],REVIEW
4400,extracted_04400,[TRANSLATION ERROR: Part.from_text() takes 1 positional argument but 2 were given],[OLLAMA ERROR: 404],REVIEW
4406,extracted_04406,[TRANSLATION ERROR: Part.from_text() takes 1 positional argument but 2 were given],[OLLAMA ERROR: 404],REVIEW
4407,extracted_04407,[TRANSLATION ERROR: Part.from_text() takes 1 positional argument but 2 were given],[OLLAMA ERROR: 404],REVIEW
4411,extracted_04411,[TRANSLATION ERROR: Part.from_text() takes 1 positional argument but 2 were given],[OLLAMA ERROR: 404],REVIEW
4416,extracted_04416,[TRANSLATION ERROR: Part.from_text() takes 1 positional argument but 2 were given],[OLLAMA ERROR: 404],REVIEW
4419,extracted_04419,[TRANSLATION ERROR: Part.from_text() takes 1 positional argument but 2 were given],[OLLAMA ERROR: 404],REVIEW
4423,extracted_04423,[TRANSLATION ERROR: Part.from_text() takes 1 positional argument but 2 were given],[OLLAMA ERROR: 404],REVIEW
4427,extracted_04427,[TRANSLATION ERROR: Part.from_text() takes 1 positional argument but 2 were given],[OLLAMA ERROR: 404],REVIEW
4430,extracted_04430,[TRANSLATION ERROR: Part.from_text() takes 1 positional argument but 2 were given],[OLLAMA ERROR: 404],REVIEW
4431,extracted_04431,[TRANSLATION ERROR: Part.from_text() takes 1 positional argument but 2 were given],[OLLAMA ERROR: 404],REVIEW
4432,extracted_04432,[TRANSLATION ERROR: Part.from_text() takes 1 positional argument but 2 were given],[OLLAMA ERROR: 404],REVIEW
4433,extracted_04433,[TRANSLATION ERROR: Part.from_text() takes 1 positional argument but 2 were given],[OLLAMA ERROR: 404],REVIEW
4440,extracted_04440,[TRANSLATION ERROR: Part.from_text() takes 1 positional argument but 2 were given],[OLLAMA ERROR: 404],REVIEW
4444,extracted_04444,[TRANSLATION ERROR: Part.from_text() takes 1 positional argument but 2 were given],[OLLAMA ERROR: 404],REVIEW
4445,extracted_04445,[TRANSLATION ERROR: Part.from_text() takes 1 positional argument but 2 were given],[OLLAMA ERROR: 404],REVIEW
4446,extracted_04446,[TRANSLATION ERROR: Part.from_text() takes 1 positional argument but 2 were given],[OLLAMA ERROR: 404],REVIEW
4448,extracted_04448,[TRANSLATION ERROR: Part.from_text() takes 1 positional argument but 2 were given],[OLLAMA ERROR: 404],REVIEW
4449,extracted_04449,[TRANSLATION ERROR: Part.from_text() takes 1 positional argument but 2 were given],[OLLAMA ERROR: 404],REVIEW
4450,extracted_04450,[TRANSLATION ERROR: Part.from_text() takes 1 positional argument but 2 were given],[OLLAMA ERROR: 404],REVIEW
4451,extracted_04451,[TRANSLATION ERROR: Part.from_text() takes 1 positional argument but 2 were given],[OLLAMA ERROR: 404],REVIEW
4452,extracted_04452,[TRANSLATION ERROR: Part.from_text() takes 1 positional argument but 2 were given],[OLLAMA ERROR: 404],REVIEW
4454,extracted_04454,[TRANSLATION ERROR: Part.from_text() takes 1 positional argument but 2 were given],[OLLAMA ERROR: 404],REVIEW
4514,extracted_04514,[TRANSLATION ERROR: Part.from_text() takes 1 positional argument but 2 were given],[OLLAMA ERROR: 404],REVIEW
4516,extracted_04516,[TRANSLATION ERROR: Part.from_text() takes 1 positional argument but 2 were given],[OLLAMA ERROR: 404],REVIEW
4522,extracted_04522,[TRANSLATION ERROR: Part.from_text() takes 1 positional argument but 2 were given],[OLLAMA ERROR: 404],REVIEW
4526,extracted_04526,[TRANSLATION ERROR: Part.from_text() takes 1 positional argument but 2 were given],[OLLAMA ERROR: 404],REVIEW
4529,extracted_04529,[TRANSLATION ERROR: Part.from_text() takes 1 positional argument but 2 were given],[OLLAMA ERROR: 404],REVIEW
4532,extracted_04532,[TRANSLATION ERROR: Part.from_text() takes 1 positional argument but 2 were given],[OLLAMA ERROR: 404],REVIEW
4533,extracted_04533,[TRANSLATION ERROR: Part.from_text() takes 1 positional argument but 2 were given],[OLLAMA ERROR: 404],REVIEW
4535,extracted_04535,[TRANSLATION ERROR: Part.from_text() takes 1 positional argument but 2 were given],[OLLAMA ERROR: 404],REVIEW
4536,extracted_04536,[TRANSLATION ERROR: Part.from_text() takes 1 positional argument but 2 were given],[OLLAMA ERROR: 404],REVIEW
4540,extracted_04540,[TRANSLATION ERROR: Part.from_text() takes 1 positional argument but 2 were given],[OLLAMA ERROR: 404],REVIEW
4541,extracted_04541,[TRANSLATION ERROR: Part.from_text() takes 1 positional argument but 2 were given],[OLLAMA ERROR: 404],REVIEW
4542,extracted_04542,[TRANSLATION ERROR: Part.from_text() takes 1 positional argument but 2 were given],[OLLAMA ERROR: 404],REVIEW
4551,extracted_04551,[TRANSLATION ERROR: Part.from_text() takes 1 positional argument but 2 were given],[OLLAMA ERROR: 404],REVIEW
4553,extracted_04553,[TRANSLATION ERROR: Part.from_text() takes 1 positional argument but 2 were given],[OLLAMA ERROR: 404],REVIEW
4554,extracted_04554,[TRANSLATION ERROR: Part.from_text() takes 1 positional argument but 2 were given],[OLLAMA ERROR: 404],REVIEW
4555,extracted_04555,[TRANSLATION ERROR: Part.from_text() takes 1 positional argument but 2 were given],[OLLAMA ERROR: 404],REVIEW
4559,extracted_04559,[TRANSLATION ERROR: Part.from_text() takes 1 positional argument but 2 were given],[OLLAMA ERROR: 404],REVIEW
4562,extracted_04562,[TRANSLATION ERROR: Part.from_text() takes 1 positional argument but 2 were given],[OLLAMA ERROR: 404],REVIEW
4565,extracted_04565,[TRANSLATION ERROR: Part.from_text() takes 1 positional argument but 2 were given],[OLLAMA ERROR: 404],REVIEW
4566,extracted_04566,[TRANSLATION ERROR: Part.from_text() takes 1 positional argument but 2 were given],[OLLAMA ERROR: 404],REVIEW
4567,extracted_04567,[TRANSLATION ERROR: Part.from_text() takes 1 positional argument but 2 were given],[OLLAMA ERROR: 404],REVIEW
4568,extracted_04568,[TRANSLATION ERROR: Part.from_text() takes 1 positional argument but 2 were given],[OLLAMA ERROR: 404],REVIEW
4573,extracted_04573,[TRANSLATION ERROR: Part.from_text() takes 1 positional argument but 2 were given],[OLLAMA ERROR: 404],REVIEW
4574,extracted_04574,[TRANSLATION ERROR: Part.from_text() takes 1 positional argument but 2 were given],[OLLAMA ERROR: 404],REVIEW
4576,extracted_04576,[TRANSLATION ERROR: Part.from_text() takes 1 positional argument but 2 were given],[OLLAMA ERROR: 404],REVIEW
4577,extracted_04577,[TRANSLATION ERROR: Part.from_text() takes 1 positional argument but 2 were given],[OLLAMA ERROR: 404],REVIEW
4582,extracted_04582,[TRANSLATION ERROR: Part.from_text() takes 1 positional argument but 2 were given],[OLLAMA ERROR: 404],REVIEW
4583,extracted_04583,[TRANSLATION ERROR: Part.from_text() takes 1 positional argument but 2 were given],[OLLAMA ERROR: 404],REVIEW
4585,extracted_04585,[TRANSLATION ERROR: Part.from_text() takes 1 positional argument but 2 were given],[OLLAMA ERROR: 404],REVIEW
4586,extracted_04586,[TRANSLATION ERROR: Part.from_text() takes 1 positional argument but 2 were given],[OLLAMA ERROR: 404],REVIEW
4589,extracted_04589,[TRANSLATION ERROR: Part.from_text() takes 1 positional argument but 2 were given],[OLLAMA ERROR: 404],REVIEW
4590,extracted_04590,[TRANSLATION ERROR: Part.from_text() takes 1 positional argument but 2 were given],[OLLAMA ERROR: 404],REVIEW
4594,extracted_04594,[TRANSLATION ERROR: Part.from_text() takes 1 positional argument but 2 were given],[OLLAMA ERROR: 404],REVIEW
4595,extracted_04595,[TRANSLATION ERROR: Part.from_text() takes 1 positional argument but 2 were given],[OLLAMA ERROR: 404],REVIEW
4599,extracted_04599,[TRANSLATION ERROR: Part.from_text() takes 1 positional argument but 2 were given],[OLLAMA ERROR: 404],REVIEW
4601,extracted_04601,[TRANSLATION ERROR: Part.from_text() takes 1 positional argument but 2 were given],[OLLAMA ERROR: 404],REVIEW
4603,extracted_04603,[TRANSLATION ERROR: Part.from_text() takes 1 positional argument but 2 were given],[OLLAMA ERROR: 404],REVIEW
4605,extracted_04605,[TRANSLATION ERROR: Part.from_text() takes 1 positional argument but 2 were given],[OLLAMA ERROR: 404],REVIEW
4606,extracted_04606,[TRANSLATION ERROR: Part.from_text() takes 1 positional argument but 2 were given],[OLLAMA ERROR: 404],REVIEW
4611,extracted_04611,[TRANSLATION ERROR: Part.from_text() takes 1 positional argument but 2 were given],[OLLAMA ERROR: 404],REVIEW
4614,extracted_04614,[TRANSLATION ERROR: Part.from_text() takes 1 positional argument but 2 were given],[OLLAMA ERROR: 404],REVIEW
4674,extracted_04674,[TRANSLATION ERROR: Part.from_text() takes 1 positional argument but 2 were given],[OLLAMA ERROR: 404],REVIEW
4675,extracted_04675,[TRANSLATION ERROR: Part.from_text() takes 1 positional argument but 2 were given],[OLLAMA ERROR: 404],REVIEW
4684,extracted_04684,[TRANSLATION ERROR: Part.from_text() takes 1 positional argument but 2 were given],[OLLAMA ERROR: 404],REVIEW
4685,extracted_04685,[TRANSLATION ERROR: Part.from_text() takes 1 positional argument but 2 were given],[OLLAMA ERROR: 404],REVIEW
4692,extracted_04692,[TRANSLATION ERROR: Part.from_text() takes 1 positional argument but 2 were given],[OLLAMA ERROR: 404],REVIEW
4693,extracted_04693,[TRANSLATION ERROR: Part.from_text() takes 1 positional argument but 2 were given],[OLLAMA ERROR: 404],REVIEW
4723,extracted_04723,[TRANSLATION ERROR: Part.from_text() takes 1 positional argument but 2 were given],[OLLAMA ERROR: 404],REVIEW
4736,extracted_04736,[TRANSLATION ERROR: Part.from_text() takes 1 positional argument but 2 were given],[OLLAMA ERROR: 404],REVIEW
4737,extracted_04737,[TRANSLATION ERROR: Part.from_text() takes 1 positional argument but 2 were given],[OLLAMA ERROR: 404],REVIEW
4752,extracted_04752,[TRANSLATION ERROR: Part.from_text() takes 1 positional argument but 2 were given],[OLLAMA ERROR: 404],REVIEW
4786,extracted_04786,[TRANSLATION ERROR: Part.from_text() takes 1 positional argument but 2 were given],[OLLAMA ERROR: 404],REVIEW
4787,extracted_04787,[TRANSLATION ERROR: Part.from_text() takes 1 positional argument but 2 were given],[OLLAMA ERROR: 404],REVIEW
4788,extracted_04788,[TRANSLATION ERROR: Part.from_text() takes 1 positional argument but 2 were given],[OLLAMA ERROR: 404],REVIEW
4789,extracted_04789,[TRANSLATION ERROR: Part.from_text() takes 1 positional argument but 2 were given],[OLLAMA ERROR: 404],REVIEW
4791,extracted_04791,[TRANSLATION ERROR: Part.from_text() takes 1 positional argument but 2 were given],[OLLAMA ERROR: 404],REVIEW
4793,extracted_04793,[TRANSLATION ERROR: Part.from_text() takes 1 positional argument but 2 were given],[OLLAMA ERROR: 404],REVIEW
